{"ratio": [], "shift": [["WORK,COMPANY", 0], ["WORK,EMPLOYEE", 0], ["HAVE,EMPLOYEE", 0], ["HAVE,DEPOSIT", 0]], "colors": [["annotation_color", "#542788"], ["annotation_text_color", "#f7f7f7"], ["association_attribute_text_color", "#000000"], ["association_cartouche_color", "#b2abd2"], ["association_cartouche_text_color", "#000000"], ["association_color", "#d8daeb"], ["association_stroke_color", "#8073ac"], ["background_color", "#f7f7f7"], ["card_text_color", "#b35806"], ["entity_attribute_text_color", "#000000"], ["entity_cartouche_color", "#fdb863"], ["entity_cartouche_text_color", "#000000"], ["entity_color", "#fee0b6"], ["entity_stroke_color", "#e08214"], ["leg_stroke_color", "#8073ac"], ["transparent_color", "none"]], "cy": [["COMPANY", 72], ["WORK", 72], ["EMPLOYEE", 72], ["HAVE", 72], ["DEPOSIT", 72]], "cx": [["COMPANY", 55], ["WORK", 166], ["EMPLOYEE", 279], ["HAVE", 390], ["DEPOSIT", 494]], "size": [544, 144]}